run_id,code_commit,method,config_path,seed,parent_checkpoints,steps,batch_size,context,processed_targets_including_ancestry,parameters,hardware,threads,train_precision,train_seconds,validation_seconds,test_seconds,peak_ram_gb,peak_gpu_allocated_gb,validation_bpb,test_bpb,checkpoint_sha256,selected_on,notes
baseline,,Original GPT with LayerNorm,configs/baseline.json,17,none,1200,32,256,9830400,1088256,CPU,4,fp32,183.43648599999142,3.5385376670164987,4.177331624989165,,,2.0710874333793914,2.1012651958438786,5bb600b4dc65e8a8fa0eaa6841955b99754bbb61b060fb626d0855940d26206a,validation,Official control; test score already measured before model development. implementation_sha256=6cce142a31d396f017319543f50d70f30fa6da740729af01c8baed13c6f671f9; source=model.py
exp01_rmsnorm_s17,,Replace all 9 LayerNorm modules with RMSNorm (eps=1e-5),configs/baseline.json,17,none,1200,32,256,9830400,1087104,CPU,4,fp32,193.64860424999642,3.4963272499953746,,,,2.0779697023115666,,06c3bde7e51ffdf69c75608ad13410aa34a291daf838edd9b1ce74723f032052,validation,"Validation BPB is 0.006882269 higher than baseline at equal training targets; no improvement. CPU timings are single measurements, not evidence of speed gain. implementation_sha256=938bf405bb3edc0a3a46e735c568b68b4ce335a4cd9e0dd9b9201c46b8507b98; source=student.py"
exp02_swiglu_s17,,Replace only the GELU MLP in each GPT block with parameter-matched SwiGLU; retain LayerNorm,configs/baseline.json,17,none,1200,32,256,9830400,1088424,CPU,4,fp32,172.42146299999877,3.3537442080050823,,2.1286163330078125,,2.0078831318927293,,5dc3c75dab947f792b09c9feab49a42103bfe523f6673883a431117be19eb092,validation,"Validation BPB is 0.0632043015 lower than baseline at equal training targets; promising single-seed result. CPU time is one measurement; RAM not measured. implementation_sha256=3b1f596dc2f88dd183aaad15faa9d0eb6e8be965ff5df48d5dd59143a335353d; source=student.py Local macOS validation subprocess peak RSS=2.128616 GiB; model-specific checkpoint plus student.py and model.py stored size=4377743 bytes (~4.175 MiB), PyTorch archive internal uncompressed size plus source=4365155 bytes (~4.163 MiB). These are local measurements, not final frozen-model verification."
exp03_width256_h4_s17,,"SwiGLU GPT width 128->256, 4 heads, d_h 32->64, depth 4; full width/capacity change",configs/exp03_width256_h4.json,17,none,1200,32,256,9830400,3751768,CPU,4,fp32,490.30757824999455,5.658874832995934,,2.02679443359375,,1.8319683705291994,,ab90d1f4e7c7f0878c49de6cc600e833ed645671483ba2db1258e141cdff034a,validation,Validation BPB improves by 0.1759147614 vs exp02 at equal training targets. Local macOS validation peak RSS=2.026794 GiB; checkpoint plus required code/config uncompressed=14.323 MiB. Single-run scoring time is not formal CPU-limit verification. implementation_sha256=3b1f596dc2f88dd183aaad15faa9d0eb6e8be965ff5df48d5dd59143a335353d
exp04_width256_h4_d6_s17,,"SwiGLU GPT depth 4->6 at width 256, heads 4, d_h 64",configs/exp04_width256_h4_d6.json,17,none,1200,32,256,9830400,5332484,CPU,4,fp32,709.3001137079991,7.874425916990731,,2.1674346923828125,,1.808624691880884,,8495f2b64c3c345a0068689b8f398a27ec5f68671174f7339362581bb5e4fdee,validation,Validation BPB improves by 0.0233436786 vs exp03 at equal training targets. Local macOS validation peak RSS=2.167435 GiB; checkpoint plus required code/config uncompressed=20.356468 MiB. CPU scoring time is one run and not final frozen-model verification. implementation_sha256=3b1f596dc2f88dd183aaad15faa9d0eb6e8be965ff5df48d5dd59143a335353d
exp05_width512_h4_d4_s17,,"SwiGLU GPT width 256->512, heads 4, d_h 64->128, depth 4",configs/exp05_width512_h4_d4.json,17,none,1200,32,256,9830400,13790888,CPU,4,fp32,1051.657483709001,11.515212082988,,2.386077880859375,,1.6907065121136788,,8ba7f05823e8686263bffbe18cf2a62b8b4bdc1f8ca29663e5671eb412f7a242,validation,"Validation BPB improves by 0.1412618584 vs exp03 width256 depth4 at equal training targets; new best. Local macOS validation peak RSS=2.386078 GiB; checkpoint plus required code/config uncompressed=52.619204 MiB, leaving 11.380796 MiB under 64 MiB limit. CPU scoring time is one run and not final frozen-model verification. implementation_sha256=3b1f596dc2f88dd183aaad15faa9d0eb6e8be965ff5df48d5dd59143a335353d"
exp06_rope_swiglu_w128_h4_d4_s17,,SwiGLU GPT width128 heads4 depth4; replace learned absolute positional embedding with RoPE on Q/K,configs/baseline.json,17,none,1200,32,256,9830400,1055656,CPU,4,fp32,193.6121969579981,3.922760333007318,,2.0867156982421875,,1.8297711975499054,,e6bc5937299d5c849e8a472b49534d3b1079db0671e40988ff8c641893ba9c9d,validation,Validation BPB improves by 0.1781119343 vs exp02 SwiGLU learned-position control at equal targets; all shared parameter tensors had identical initialization at seed17. Local macOS validation peak RSS=2.086716 GiB; checkpoint plus required code/config uncompressed=4.039338 MiB. Single-seed result; current overall best remains exp05 width512 learned-position. implementation_sha256=982a46346cfb0d1e193649613839304034d05eb749930f18a3fbc266630b33ab
exp07_rope_swiglu_w512_h4_d4_s17,,SwiGLU GPT width512 heads4 depth4; replace learned absolute positional embedding with RoPE on Q/K,configs/exp05_width512_h4_d4.json,17,none,1200,32,256,9830400,13659816,CPU,4,fp32,1040.8939702909993,13.143718125007581,,2.1468048095703125,,1.6708780213937975,,3028499f126f05682cb13fad06bf9c9cea49c18b50bfe809d873d3217a3ea715,validation,"Validation BPB improves by 0.0198284907 vs exp05 learned-position control at equal targets; new best. Local macOS validation peak RSS=2.146805 GiB; checkpoint plus required code/config uncompressed=52.120523 MiB, leaving 11.879477 MiB under 64 MiB. Repeated local scoring time=14.109862 s; final frozen-model resource verification still required. implementation_sha256=982a46346cfb0d1e193649613839304034d05eb749930f18a3fbc266630b33ab"
exp08_rope_swiglu_w512_h8_d4_s17,,RoPE SwiGLU GPT width512 depth4; heads 4->8 and d_h 128->64,configs/exp08_width512_h8_d4.json,17,none,1200,32,256,9830400,13659816,CPU,4,fp32,1072.2824787499994,13.56104112500907,,2.2610626220703125,,1.667618475767553,,322dfae1af90aca108f041cecd64214bfb40eb87479bf0ee696fe831fef37ada,validation,Validation BPB improves by 0.0032595456 vs exp07 4-head control at equal parameters and targets; small single-seed gain. Local macOS validation peak RSS=2.261063 GiB; checkpoint plus required code/config uncompressed=52.120523 MiB. Repeated scoring time=14.269374 s; final frozen-model verification required. implementation_sha256=982a46346cfb0d1e193649613839304034d05eb749930f18a3fbc266630b33ab
exp09_postnorm_rope_swiglu_w512_h8_d4_s17,,RoPE SwiGLU GPT width512 heads8 depth4; change both block residual sublayers from Pre-Norm to Post-Norm; retain final LayerNorm,configs/exp08_width512_h8_d4.json,17,none,1200,32,256,9830400,13659816,CPU,4,fp32,1059.5844679169968,13.598987750010565,,2.316986083984375,,1.625146852530151,,f09952c41ba4fc01a53f4c42d68aea4eafb9c846d3f67944b79fad45ef994ee7,validation,"Validation BPB improves by 0.0424716232 vs exp08 Pre-Norm control (2.55% relative) at equal parameters, targets, seed and config; all initialized parameter tensors were identical. New best. Training remained finite through step 1200. Local macOS validation peak RSS=2.316986 GiB; required inference assets uncompressed=52.120629 MiB. Repeated scoring time=14.600361 s. Method retains the model final LayerNorm, so the ablation is block-level Post-Norm. Final frozen-model verification still required. implementation_sha256=b96e3fab30eefdf00a3d465406232ee3a07cbc43183952351766abaf94ca0d14"
exp10_postnorm_rope_swiglu_w512_h8_d5_s17,,Post-Norm RoPE SwiGLU GPT width512 heads8 d_h64; depth 4->5,configs/exp10_width512_h8_d5.json,17,none,1200,32,256,9830400,16812370,CPU,4,fp32,1364.7813079580083,16.269853208010318,,2.178802490234375,,1.6433832810017468,,88e174008968e0624148998d116c4ab39359d1958de33b5b6f2e1179f99543b5,validation,"Validation BPB is 0.0182364285 worse than exp09 4-layer Post-Norm control at equal width, heads, seed and targets. Training remained stable and validation improved monotonically through step 1200, so no evidence of divergence or observed overfitting; the added layer did not pay off within this schedule. Required uncompressed inference assets=64.148426 MiB, exceeding the 64 MiB limit by 0.148426 MiB; therefore ineligible as submitted. Repeated local scoring time=17.074965 s and peak RSS=2.178802 GiB. implementation_sha256=b96e3fab30eefdf00a3d465406232ee3a07cbc43183952351766abaf94ca0d14"
exp11_gqa_w576_q9_kv3_d4_s17,,"Post-Norm RoPE SwiGLU GQA GPT width576, 9 query heads, 3 KV heads, d_h64, depth4",configs/exp11_gqa_w576_q9_kv3_d4.json,17,none,1200,32,256,9830400,15366528,CPU,4,fp32,1137.137298540998,13.992243916989537,,2.365814208984375,,1.6289083117420942,,48dc65999e559bdb98d981d482b358beea1e95bdd2397dd901837a28a5911361,validation,"Validation BPB is 0.0037614592 worse than exp09 full-MHA width512 control (0.231% relative), despite lower sampled training loss at every logged step; GQA width expansion improved fit but did not improve validation at 1200 steps. Parameters are 12.49% higher than exp09. Local required uncompressed inference assets=58.632416 MiB, repeated scoring time=14.597171 s, and peak RSS=2.365814 GiB; all within limits. The user-reported scoring time was 13.992244 s. implementation_sha256=4cae361cbae2fef5f47a792f486d9095fc76582453717d0477bd72ffae034661"
exp12_gated_attn_postnorm_rope_swiglu_w512_h8_d4_s17,,"Post-Norm RoPE SwiGLU GPT width512 heads8 depth4; add one bounded learnable attention residual gate per block, initialized to scale 1",configs/exp12_gated_attn_w512_h8_d4.json,17,none,1200,32,256,9830400,13659820,CPU,4,fp32,1126.5761271669762,13.90845933300443,,2.0274505615234375,,1.6280579408654818,,4f2aa73019001a453ed0da9828ba2b83bfb0d9c57454f90f9cbc44743b6794f5,validation,"Validation BPB is 0.0029110883 worse than exp09 ungated control (0.179% relative) at identical shared initialization, targets, seed and architecture. Final learned attention scales by block were [0.923077, 1.000592, 0.946289, 0.947250], showing selective down-scaling without a BPB gain. Local required uncompressed inference assets=52.121447 MiB, repeated scoring time=14.124859 s, and peak RSS=2.027451 GiB; all within limits. implementation_sha256=6a63633f0eb635f8cab9486ef8ee3fa594a25f32ea0516a38ef3816dbcd56170"
exp13_gqa_w768_q12_kv4_d4_ffn896_s17,,"Resource-reallocated Post-Norm RoPE GQA GPT: width768, 12 query heads, 4 KV heads, d_h64, depth4, SwiGLU hidden896",configs/exp13_gqa_w768_q12_kv4_d4_ffn896.json,17,none,1200,32,256,9830400,16154112,CPU,4,fp32,1127.6190065019764,15.373436249996303,,2.2105560302734375,,1.6505900985802044,,4f48c9b8ac5f06e446fbe8845c6679ef91a32c3403dfdc1c6fed84af98b24e15,validation,"Validation BPB is 0.0254432461 worse than exp09 (1.565% relative) and 0.0216817868 worse than exp11. At the same 1200-step budget, final sampled training loss was similar to exp09 but validation was materially worse, indicating that reallocating capacity from SwiGLU to wider 12-head attention did not generalize well. Standard SwiGLU hidden2048 would require 102.172 MiB, so hidden was reduced to896 for compliance; this is a resource-allocation experiment rather than a head-only ablation. Local assets=61.636930 MiB, repeated scoring time=15.993870 s, peak RSS=2.210556 GiB. implementation_sha256=60fd75c1ba5e724f6f4c6da6d1dbb89fffddba5adb5d67b641ad2c8601a225af"
exp14_swiglu1664_w512_h8_d4_s17,,Post-Norm RoPE full-MHA GPT width512 heads8 d_h64 depth4; increase SwiGLU hidden 1365->1664,configs/exp14_swiglu1664_w512_h8_d4.json,17,none,1200,32,256,9830400,15499264,CPU,4,fp32,1191.3769160830125,14.721871541027213,,2.2393035888671875,,1.6316468667793944,,79509726647c4fb751752884a535fd7bbf230802b370a338abc3495fbc3df1fc,validation,"Validation BPB is 0.0065000142 worse than exp09 parameter-matched architecture control except for SwiGLU hidden (0.400% relative). Training losses were nearly overlapping rather than systematically lower despite 1,839,448 extra FFN parameters, so extra FFN capacity was not useful under the 1200-step recipe. Validation improved monotonically through step1200, with no observed overfitting inside this run. Local assets=59.137686 MiB, repeated scoring time=15.053333 s, peak RSS=2.239304 GiB. implementation_sha256=e7647dd68f8c70d7b4ba15e5e6275450a6e75a46c1940e4b3f3e855a268c2bde"
exp15_postnorm_rope_swiglu_w512_h8_d4_2400_s17,,Post-Norm RoPE SwiGLU GPT width512 heads8 d_h64 depth4; extend cosine training recipe from 1200 to 2400 steps and select the best checkpoint every 300 steps,configs/exp15_w512_h8_d4_2400.json,17,none,2400,32,256,19660800,13659816,CPU,4,fp32,2253.57591674797,13.46807654199074,15.61515745901852,2.2866058349609375,,1.6131057391602572,1.6412035634500914,b96fe6b42b76be4c4aa9e5922e09f3f66e22a15f93f2ac442a6e0d53ad4afad7,validation,"Best checkpoint is step2100 (17,203,200 checkpoint train targets); the full 2400-step search consumed 19,660,800 targets. Validation BPB improves by 0.0120411134 vs exp09 (0.741% relative), establishing the frozen final method. Validation BPB rose from 1.6131057392 at step2100 to 1.6176027122 at step2400, so best-checkpoint selection prevented a late regression. This is a longer cosine schedule, not a continuation of exp09. Final full-test FP32 CPU BPB=1.6412035635 and repeated verification matched exactly. Local test scoring time=15.615157 s (repeat 15.950696 s), peak test RSS=2.286606 GiB, required uncompressed inference assets=56.128453 MiB; all within limits. checkpoint_sha256=b96fe6b42b76be4c4aa9e5922e09f3f66e22a15f93f2ac442a6e0d53ad4afad7; implementation_sha256=b96e3fab30eefdf00a3d465406232ee3a07cbc43183952351766abaf94ca0d14; evaluator_sha256=128bcb2dab0be0d427505bddb4671e3ab3a8f78e114be79a689c0f9029af133d; tokenizer_sha256=020d1bc6aa4449c4f352b2e03d0e0fb4f39287f15297705e421b1fa7d817262e"
exp16_gqa_w576_q9_kv3_d4_2400_s17,,Exp11 Post-Norm RoPE SwiGLU GQA width576 q9 kv3 d_h64 depth4; extend cosine training recipe from 1200 to 2400 steps and select the best checkpoint every 300 steps,configs/exp16_gqa_w576_q9_kv3_d4_2400.json,17,none,2400,32,256,19660800,15366528,CPU,4,fp32,2257.6582548750157,14.196160708001116,,2.0662689208984375,,1.63180176238313,,ea818367e7ad9d29f526a97ea86b4c9249cd2738b29201da7cf00d285876bdb7,validation,"Best checkpoint is step1800 (14,745,600 checkpoint train targets); full search consumed 19,660,800 targets. Best validation BPB is 0.0028934506 worse than the original exp11 1200-step recipe (0.178% relative) and 0.0186960232 worse than exp15 (1.159% relative). Validation reached 1.6318017624 at step1800, then rose to 1.6324297050 at step2100 and 1.6386058174 at step2400. The stretched 2400-step cosine schedule also produced 1.6607753108 at step1200, so this is not equivalent to continuing the original exp11 checkpoint and does not support the hypothesis that GQA only needed more steps. Repeated validation matched the recorded best BPB and checkpoint hash. Compact tied-weight serialization gives local assets=58.641710 MiB; repeated scoring time=14.196161 s and peak RSS=2.066269 GiB; all within limits. No test evaluation performed. implementation_sha256=4cae361cbae2fef5f47a792f486d9095fc76582453717d0477bd72ffae034661"
exp17_gated_attn_postnorm_rope_swiglu_w512_h8_d4_2400_s17,,Exp12 Post-Norm RoPE SwiGLU width512 heads8 depth4 with one bounded attention residual gate per block; extend cosine training recipe from 1200 to 2400 steps,configs/exp17_gated_attn_w512_h8_d4_2400.json,17,none,2400,32,256,19660800,13659820,CPU,4,fp32,2124.4773748760053,13.988219249993563,,2.2014923095703125,,1.6198771519797286,,596f9974f3bd6163f376cfed25f2234b8266ff56e56dddfbd0998728b0d34274,validation,"Best checkpoint is step2100 (17,203,200 checkpoint train targets); full search consumed 19,660,800 targets. Long training improves validation BPB by 0.0081807889 vs exp12 (0.502% relative), but remains 0.0067714128 worse than ungated exp15 (0.420% relative). Validation rose from 1.6198771520 at step2100 to 1.6240409558 at step2400. Learned attention scales were [0.787673, 0.859062, 0.813147, 0.839453], a stronger and consistent down-scaling than exp12, but the gate did not improve generalization over the ungated control under the matched 2400-step recipe. Repeated validation matched the recorded best BPB and checkpoint hash. Local assets=52.131325 MiB, repeated scoring time=13.988219 s, peak RSS=2.201492 GiB; all within limits. No test evaluation performed. implementation_sha256=6a63633f0eb635f8cab9486ef8ee3fa594a25f32ea0516a38ef3816dbcd56170"
